﻿Designator,Quantity,Value,Footprint,Package,MPN,DNP,Mount_Type,Description,Sim.Device,Sim.Pins
A1,1,RaspberryPi_Pico,RaspberryPi_Pico_W_SMD_HandSolder,,,,smt,"Versatile and inexpensive microcontroller module powered by RP2040 dual-core Arm Cortex-M0+ processor up to 133 MHz, 264kB SRAM, 2MB QSPI flash; also supports Raspberry Pi Pico 2",,
"ADCPINS1, OUT1, OUT2, PINS1, PINS2, PINS3, PINS4",7,Screw_Terminal_01x03,TerminalBlock_MaiXu_MX126-5.0-03P_1x03_P5.00mm,,,,tht,"Generic screw terminal, single row, 01x03, script generated (kicad-library-utils/schlib/autogen/connector/)",,
Andur1,1,VL53L0X,TerminalBlock_MaiXu_MX126-5.0-06P_1x06_P5.00mm,,,,tht,,,
"D1, D2",2,1N4007,D_DO-41_SOD81_P10.16mm_Horizontal,,,,tht,"1000V 1A General Purpose Rectifier Diode, DO-41",D,1=K 2=A
GreenLED1,1,GREEN LED,LED_Rectangular_W5.0mm_H2.0mm,,,,tht,Light emitting diode,,1=K 2=A
"Left1, Right1",2,Rotary Encoder,Tauno_Rotary_Encoder,,,,smt,,,
"Power1, Power2, Power3, PowerIN1",4,Screw_Terminal_01x02,TerminalBlock_MaiXu_MX126-5.0-02P_1x02_P5.00mm,,,,tht,"Generic screw terminal, single row, 01x02, script generated (kicad-library-utils/schlib/autogen/connector/)",,
"R1, R2, R4, R6",4,470,R_Axial_DIN0207_L6.3mm_D2.5mm_P10.16mm_Horizontal,,,,tht,Resistor,,
"R3, R5",2,10K,R_Axial_DIN0207_L6.3mm_D2.5mm_P10.16mm_Horizontal,,,,tht,Resistor,,
RedLED1,1,RED LED,LED_Rectangular_W5.0mm_H2.0mm,,,,tht,Light emitting diode,,1=K 2=A
U1,1,OKY3504-1,Tauno_OKY3504,,,,smt,,,
U2,1,Tauno_Oled_096_SSD1306,Tauno_OLED_ssd1306,,,,smt,Tauno_Oled_096_SSD1306,,
"U3, U4",2,PC817,DIP-4_W7.62mm,,,,tht,"DC Optocoupler, Vce 35V, CTR 50-300%, DIP-4",,
