﻿pos_x,pos_y,rotation,side,designator,mpn,pack,footprint,value,mount_type
102.464999,-119.53,0.0,top,A1,,,RaspberryPi_Pico_W_SMD_HandSolder,RaspberryPi_Pico,smt
155.399999,-131.4,90.0,top,ADCPINS1,,,TerminalBlock_MaiXu_MX126-5.0-03P_1x03_P5.00mm,Screw_Terminal_01x03,tht
84.899999,-100.9,180.0,top,Andur1,,,TerminalBlock_MaiXu_MX126-5.0-06P_1x06_P5.00mm,VL53L0X,tht
136.739999,-110.4,0.0,top,D1,,,D_DO-41_SOD81_P10.16mm_Horizontal,1N4007,tht
136.739999,-114.4,0.0,top,D2,,,D_DO-41_SOD81_P10.16mm_Horizontal,1N4007,tht
81.199999,-123.945,90.0,top,GreenLED1,,,LED_Rectangular_W5.0mm_H2.0mm,GREEN LED,tht
66.319999,-122.915,180.0,bottom,Left1,,,Tauno_Rotary_Encoder,Rotary Encoder,smt
155.399999,-114.9,90.0,top,OUT1,,,TerminalBlock_MaiXu_MX126-5.0-03P_1x03_P5.00mm,Screw_Terminal_01x03,tht
155.399999,-147.9,90.0,top,OUT2,,,TerminalBlock_MaiXu_MX126-5.0-03P_1x03_P5.00mm,Screw_Terminal_01x03,tht
49.599999,-119.4,-90.0,top,PINS1,,,TerminalBlock_MaiXu_MX126-5.0-03P_1x03_P5.00mm,Screw_Terminal_01x03,tht
49.599999,-135.9,-90.0,top,PINS2,,,TerminalBlock_MaiXu_MX126-5.0-03P_1x03_P5.00mm,Screw_Terminal_01x03,tht
137.3,-151.5,0.0,top,PINS3,,,TerminalBlock_MaiXu_MX126-5.0-03P_1x03_P5.00mm,Screw_Terminal_01x03,tht
57.999999,-151.5,0.0,top,PINS4,,,TerminalBlock_MaiXu_MX126-5.0-03P_1x03_P5.00mm,Screw_Terminal_01x03,tht
49.599999,-107.9,-90.0,top,Power1,,,TerminalBlock_MaiXu_MX126-5.0-02P_1x02_P5.00mm,Screw_Terminal_01x02,tht
74.499999,-151.5,0.0,top,Power2,,,TerminalBlock_MaiXu_MX126-5.0-02P_1x02_P5.00mm,Screw_Terminal_01x02,tht
125.8,-151.5,0.0,top,Power3,,,TerminalBlock_MaiXu_MX126-5.0-02P_1x02_P5.00mm,Screw_Terminal_01x02,tht
144.399999,-100.9,180.0,top,PowerIN1,,,TerminalBlock_MaiXu_MX126-5.0-02P_1x02_P5.00mm,Screw_Terminal_01x02,tht
76.669999,-115.045,0.0,top,R1,,,R_Axial_DIN0207_L6.3mm_D2.5mm_P10.16mm_Horizontal,470,tht
76.674999,-110.97,0.0,top,R2,,,R_Axial_DIN0207_L6.3mm_D2.5mm_P10.16mm_Horizontal,470,tht
140.899999,-119.82,-90.0,top,R3,,,R_Axial_DIN0207_L6.3mm_D2.5mm_P10.16mm_Horizontal,10K,tht
117.899999,-123.32,-90.0,top,R4,,,R_Axial_DIN0207_L6.3mm_D2.5mm_P10.16mm_Horizontal,470,tht
146.074999,-143.595,90.0,top,R5,,,R_Axial_DIN0207_L6.3mm_D2.5mm_P10.16mm_Horizontal,10K,tht
133.674999,-133.435,-90.0,top,R6,,,R_Axial_DIN0207_L6.3mm_D2.5mm_P10.16mm_Horizontal,470,tht
75.824999,-123.92,90.0,top,RedLED1,,,LED_Rectangular_W5.0mm_H2.0mm,RED LED,tht
66.269999,-103.24,180.0,bottom,Right1,,,Tauno_Rotary_Encoder,Rotary Encoder,smt
133.019999,-106.98,180.0,top,U1,,,Tauno_OKY3504,OKY3504-1,smt
130.25,-124.65,90.0,bottom,U2,,,Tauno_OLED_ssd1306,Tauno_Oled_096_SSD1306,smt
132.124999,-128.705,90.0,top,U3,,,DIP-4_W7.62mm,PC817,tht
138.399999,-142.32,90.0,top,U4,,,DIP-4_W7.62mm,PC817,tht
